objectid,id,data_source,add_date,lat,lng,structure_name,structure_address,structure_city,structure_st,structure_zip,state_ansi,county_ansi,base_elevation,structure_height,structure_type,owner_type,zoom_level,ip_address,structure_owner_name,structure_owner_address,structure_owner_po_box,structure_owner_city,structure_owner_st,structure_owner_zip,structure_owner_phone,structure_owner_email,structure_manager_name,structure_manager_address,structure_manager_po_box,structure_manager_city,structure_manager_st,structure_manager_zip,structure_manager_phone,structure_manager_email,comments,done
"1225731","1261313","FCC: Antenna Structure Registration (GIS)","8/29/2008","37.8017","-79.7504","","4421 McKinney Hollow Road   (VA08533-S)","Clifton Forge","VA","","51","005","375.821746","76.8","","5","","","SBA Towers II LLC","","","","","","","","","","","","","","","","",""
"1223766","1016611","FCC: Antenna Structure Registration (GIS)","8/23/2011","37.8072","-79.801899","","75 FERROL AVENUE","CLIFTON FORGE","VA","","51","005","563.405395","56.4","","5","","","CROWN CASTLE GT COMPANY LLC","","","","","","","","","","","","","","","","",""
"1225880","1268842","FCC: Antenna Structure Registration (GIS)","6/30/2009","37.7597","-80.1006","","7216 Jingle Rocks Rd., Alleghany County","Covington","VA","","51","005","783.866638","60.6","","2","","","Virginia Department of State Police","","","","","","","","","","","","","","","","",""
"1225776","1264048","FCC: Antenna Structure Registration (GIS)","6/27/2008","37.8241","-80.1561","","Frontier Lane / Midland Trail (McAllister Site)","Covington","VA","","51","005","811.011352","106.6","","5","","","Bryant Tower Investments, LLC","","","","","","","","","","","","","","","","",""
"1225831","1266555","FCC: Antenna Structure Registration (GIS)","5/4/2012","37.8496","-80.003899","","Mt. Pleasant Drive","Covington","VA","","51","005","535.898315","59.4","","5","","","SBA Towers IV, LLC","","","","","","","","","","","","","","","","",""
"1224444","1042655","FCC: Antenna Structure Registration (GIS)","4/3/1998","37.8217","-79.813899","","1047 INGALLS ST","CLIFTON FORGE","VA","","51","005","395.162567","68.3","","5","","","IMPACT BROADCASTING INC  DBA =  WXCF AM FM","","","","","","","","","","","","","","","","",""
"1223577","1008500","FCC: Antenna Structure Registration (GIS)","4/26/2004","37.7832","-79.9998","","WEST RIVER ROAD","COVINGTON","VA","","51","005","446.942321","30.5","","5","","","CROWN CASTLE GT COMPANY LLC","","","","","","","","","","","","","","","","",""
"1225115","1227994","FCC: Antenna Structure Registration (GIS)","3/12/2008","37.8036","-79.8995","","Commerce Center in Alleghany County","Low Moor","VA","","51","005","471.48645","91.4","","5","","","SBA Towers II LLC","","","","","","","","","","","","","","","","",""
"1225711","1260653","FCC: Antenna Structure Registration (GIS)","2/1/2011","37.7635","-79.9349","","East Michigan Road","Covington","VA","","51","005","868.397888","60.9","","5","","","CROWN COMMUNICATION LLC","","","","","","","","","","","","","","","","",""
"1225687","1259970","FCC: Antenna Structure Registration (GIS)","2/1/2011","37.81","-80.1878","","Mile Market #1 East Bound Side of I-64 Rest Area and Welcome Center","Covington","VA","","51","005","693.510253","91.7","","5","","","CROWN COMMUNICATION LLC","","","","","","","","","","","","","","","","",""
"1225674","1259163","FCC: Antenna Structure Registration (GIS)","12/7/2009","37.7951","-80.0594","","Markham Mountain Property","Covington","VA","","51","005","647.661254","76.5","","5","","","SBA Towers II LLC","","","","","","","","","","","","","","","","",""
"1225088","1225673","FCC: Antenna Structure Registration (GIS)","12/7/2009","37.8146","-80.1165","","5050 Midland Trail","Covington","VA","","51","005","503.871429","121.6","","5","","","SBA Towers II LLC","","","","","","","","","","","","","","","","",""
"1225828","1266329","FCC: Antenna Structure Registration (GIS)","12/3/2008","37.8643","-79.9562","","VA-9504 Covington VA","Covington","VA","","51","005","746.927062","45.7","","5","","","Skyway Towers, LLC","","","","","","","","","","","","","","","","",""
"1225528","1251468","FCC: Antenna Structure Registration (GIS)","12/22/2005","37.7814","-79.9529","","Valley Ridge Road (Fore Mtn. Site)","Covington","VA","","51","005","643.376342","76.2","","5","","","Bryant Tower Investments, LLC","","","","","","","","","","","","","","","","",""
"1225481","1249098","FCC: Antenna Structure Registration (GIS)","12/22/2005","37.8333","-79.764499","","109 Mattews Lane","Clifton Forge","VA","","51","005","383.809539","76.2","","5","","","Bryant Tower Investments, LLC","","","","","","","","","","","","","","","","",""
"1225704","1260418","FCC: Antenna Structure Registration (GIS)","10/16/2007","37.8009","-79.8643","","Route 696  (Sizemore III site)","Low Moor","VA","","51","005","348.878326","59.4","","","","","Pegasus Tower Development","","","","","","","","","","","","","","","","",""
"1225111","1227849","FCC: Antenna Structure Registration (GIS)","1/19/2010","37.7773","-80.007099","","1404 Totten Drive     (VA10743-A)","Covington","VA","","51","005","465.878906","107","","5","","","SBA Towers II LLC","","","","","","","","","","","","","","","","",""
"1225317","1239929","FCC: Antenna Structure Registration (GIS)","1/18/2010","37.7989","-79.7014","","5203 Longdale Furnace Rd.    (VA10749-A)","Iron Gate","VA","","51","005","407.677642","76.5","","5","","","SBA Towers II LLC","","","","","","","","","","","","","","","","",""
"1242311","0","FCC: Land Mobile - Private (GIS)","","37.8456","-79.7492","","101 Wood Hollow Rd MP272.5","Clifton Forge","VA","","51","005","353.58609","15","TOWER","5","","","Buckingham Branch Railroad Company","","","","","","","","","","","","","","","","",""
"1241481","0","FCC: Land Mobile - Private (GIS)","","37.77","-79.950799","","RR JACKSON RIVER CRSG 4286 FT W","MALLOW","VA","","51","005","358.454437","5","BANT","","","","CSX Transportation","","","","","","","","","","","","","","","","",""
"1240970","0","FCC: Land Mobile - Private (GIS)","","37.7633","-79.9336","","HORSE MOUNTAIN","COVINGTON","VA","","51","005","868.232421","61","TOWER","3","","","ALLEGHANY, COUNTY OF","","","","","","","","","","","","","","","","",""
"1240968","0","FCC: Land Mobile - Private (GIS)","","37.8236","-80.0444","","LICK MOUNTAIN","COVINGTON","VA","","51","005","850.073059","45.7","TOWER","3","","","ALLEGHANY, COUNTY OF","","","","","","","","","","","","","","","","",""
"1240967","0","FCC: Land Mobile - Private (GIS)","","37.7608","-80.0992","","RUMSEY RD","COVINGTON","VA","","51","005","768.394165","39","TOWER","3","","","ALLEGHANY, COUNTY OF","","","","","","","","","","","","","","","","",""
"1240948","0","FCC: Land Mobile - Private (GIS)","","37.7978","-79.996899","","","Covington","VA","","51","005","379.846343","0","","5","","","MeadWestvaco Corporation","","","","","","","","","","","","","","","","",""
"1240947","0","FCC: Land Mobile - Private (GIS)","","37.7978","-79.996899","","Building on Hill behind Main Plant","Covington","VA","","51","005","379.846343","9.1","BMAST","5","","","MeadWestvaco Corporation","","","","","","","","","","","","","","","","",""
"1240754","0","FCC: Land Mobile - Private (GIS)","","37.7978","-79.996899","","MEAD WESTVACO CORP SHORT ST","COVINGTON","VA","","51","005","379.846343","15.2","TOWER","3","","","COVINGTON, CITY OF","","","","","","","","","","","","","","","","",""
"1239836","0","FCC: Land Mobile - Private (GIS)","","37.8206","-79.6336","","","COLLIERSTOWN","VA","","51","005","915.837585","0","","2","","","Virginia Department of Forestry","","","","","","","","","","","","","","","","",""
"1239734","0","FCC: Land Mobile - Private (GIS)","","37.7583","-80.0992","","RUMSEY ROAD","COVINGTON","VA","","51","005","748.57965","39","TOWER","3","","","ALLEGHANY, COUNTY OF","","","","","","","","","","","","","","","","",""
"1239701","0","FCC: Land Mobile - Private (GIS)","","37.7978","-79.996899","","","Covington","VA","","51","005","379.846343","0","","5","","","MeadWestvaco Corporation","","","","","","","","","","","","","","","","",""
"1239700","0","FCC: Land Mobile - Private (GIS)","","37.7978","-79.996899","","104 E Riverside Ave","Covington","VA","","51","005","379.846343","6.1","BANT","5","","","MeadWestvaco Corporation","","","","","","","","","","","","","","","","",""
"1239348","0","FCC: Land Mobile - Private (GIS)","","37.8014","-79.998","","Inside plant  area 6/10 Mi N of","Covington","VA","","51","005","436.129486","12","B","5","","","MeadWestvaco Corporation","","","","","","","","","","","","","","","","",""
"1239323","0","FCC: Land Mobile - Private (GIS)","","37.7978","-79.996899","","104 Riverside Ave Masonary Bldg behind main plant","Covington","VA","","51","005","379.846343","10","B","5","","","MeadWestvaco Corporation","","","","","","","","","","","","","","","","",""
"1239007","0","FCC: Land Mobile - Private (GIS)","","37.8156","-79.823599","","","CLIFTON FORGE","VA","","51","005","330.41983","0","","3","","","CLIFTON FORGE, TOWN OF","","","","","","","","","","","","","","","","",""
"1238978","0","FCC: Land Mobile - Private (GIS)","","37.8014","-79.9983","","","COVINGTON","VA","","51","005","437.385711","0","","5","","","MeadWestvaco Corporation","","","","","","","","","","","","","","","","",""
"1238849","0","FCC: Land Mobile - Private (GIS)","","37.8236","-80.0444","","LICK MOUNTAIN","COVINGTON","VA","","51","005","850.073059","45.7","TOWER","3","","","ALLEGHANY, COUNTY OF","","","","","","","","","","","","","","","","",""
"1238666","0","FCC: Land Mobile - Private (GIS)","","37.8097","-79.8367","","RR DIESEL LOCOMOTIVE SHOPS","CLIFTON FORGE","VA","","51","005","327.858764","0","","5","","","CSX TRANSPORTATION INC.","","","","","","","","","","","","","","","","",""
"1238665","0","FCC: Land Mobile - Private (GIS)","","37.8119","-79.8339","","3RD ST &amp; RR YARD","CLIFTON FORGE","VA","","51","005","340.837646","0","","5","","","CSX TRANSPORTATION INC.","","","","","","","","","","","","","","","","",""
"1238664","0","FCC: Land Mobile - Private (GIS)","","37.815","-79.823899","","FLOODLIGHT TOWER SMITH CREEK YD","CLIFTON FORGE","VA","","51","005","328.635589","0","","5","","","CSX TRANSPORTATION INC.","","","","","","","","","","","","","","","","",""
"1238663","0","FCC: Land Mobile - Private (GIS)","","37.8142","-79.8292","","FLOODLIGHT TOWER PASSENGER STATION","CLIFTON FORGE","VA","","51","005","332.49121","0","","5","","","CSX TRANSPORTATION INC.","","","","","","","","","","","","","","","","",""
"1238458","0","FCC: Land Mobile - Private (GIS)","","37.8456","-79.7492","","RR MILEPOST 272.5","CLIFTON FORGE","VA","","51","005","353.58609","14","","5","","","CSX TRANSPORTATION INC.","","","","","","","","","","","","","","","","",""
"1238457","0","FCC: Land Mobile - Private (GIS)","","37.7872","-80.11","","RR AND SR 665","MOSS RUN","VA","","51","005","478.379791","14","","5","","","CSX TRANSPORTATION INC.","","","","","","","","","","","","","","","","",""
"1238455","0","FCC: Land Mobile - Private (GIS)","","37.8119","-79.8342","","3RD ST AND RR YD","CLIFTON FORGE","VA","","51","005","341.958862","14","","5","","","CSX TRANSPORTATION INC.","","","","","","","","","","","","","","","","",""
"1238453","0","FCC: Land Mobile - Private (GIS)","","37.7467","-80.24","","RR AN SR 311","ALLEGHANY","VA","","51","005","624.374694","14","","5","","","CSX TRANSPORTATION INC.","","","","","","","","","","","","","","","","",""
"1238224","0","FCC: Land Mobile - Private (GIS)","","37.7931","-79.8814","","6 LOWMOOR E ON ST 696 .8 MI RT 1301","LOWMOOR","VA","","51","005","344.156005","15","B","5","","","MeadWestvaco Corporation","","","","","","","","","","","","","","","","",""
"1238223","0","FCC: Land Mobile - Private (GIS)","","37.8014","-79.998","","INSIDE PLANT AREA .6 MI N","COVINGTON","VA","","51","005","436.129486","18","POLE","5","","","MeadWestvaco Corporation","","","","","","","","","","","","","","","","",""
"1238201","0","FCC: Land Mobile - Private (GIS)","","37.8014","-79.998","","INSIDE PLANT AREA .6 MI N POST OFFICE","COVINGTON","VA","","51","005","436.129486","21","","5","","","MeadWestvaco Corporation","","","","","","","","","","","","","","","","",""
"1238171","0","FCC: Land Mobile - Private (GIS)","","37.8014","-79.998","","MAIN ST GATE 2 WESTVACO PLANT","COVINGTON","VA","","51","005","436.129486","0","","5","","","MeadWestvaco Corporation","","","","","","","","","","","","","","","","",""
"1238005","0","FCC: Land Mobile - Private (GIS)","","37.8003","-79.996899","","RESERVOIR ALARM BLDG","COVINGTON","VA","","51","005","413.648162","3","","5","","","MeadWestvaco Corporation","","","","","","","","","","","","","","","","",""
"1237961","0","FCC: Land Mobile - Private (GIS)","","37.7933","-79.9322","","5 KM NNW OF RT 696 &amp; I64 ON RT 1109","COVINGTON","VA","","51","005","822.036315","32","POLE","5","","","VIRGINIA ELECTRIC AND POWER COMPANY","","","","","","","","","","","","","","","","",""
"1237643","0","FCC: Land Mobile - Private (GIS)","","37.7933","-79.9322","","4.8 KM NNW RT 696 &amp; I64 ON RT 1109","COVINGTON","VA","","51","005","822.036315","34","POLE","5","","","VIRGINIA ELECTRIC AND POWER COMPANY","","","","","","","","","","","","","","","","",""
"1237641","0","FCC: Land Mobile - Private (GIS)","","37.8328","-79.8203","","JEFFERSON ST EXT 600 FT W LYNDEN","CLIFTON FORGE","VA","","51","005","452.643066","27","POLE","5","","","VIRGINIA ELECTRIC AND POWER COMPANY","","","","","","","","","","","","","","","","",""
"1237518","0","FCC: Land Mobile - Private (GIS)","","37.7933","-79.9322","","1 MI N OF ST HWY 1104","COVINGTON","VA","","51","005","822.036315","18","TOWER","5","","","MPW INDUSTRIAL SERVICES INC","","","","","","","","","","","","","","","","",""
"1237512","0","FCC: Land Mobile - Private (GIS)","","37.8014","-79.998","","WITHIN THE PROPERTY OF THE WESTVACO MILL","COVINGTON","VA","","51","005","436.129486","0","","5","","","COAL HANDLING FACILITY INC","","","","","","","","","","","","","","","","",""
"1236780","0","FCC: Land Mobile - Private (GIS)","","37.7978","-79.9967","","MASONARY BLDG ON HILL BEHIND MAIN PLANT","COVINGTON","VA","","51","005","381.49414","12","TOWER","5","","","MeadWestvaco Corporation","","","","","","","","","","","","","","","","",""
"1236606","0","FCC: Land Mobile - Private (GIS)","","37.8086","-79.8367","","","","VA","","51","005","324.074066","0","","5","","","CSX TRANSPORTATION INC.","","","","","","","","","","","","","","","","",""
"1236427","0","FCC: Land Mobile - Private (GIS)","","37.8122","-79.8325","","265  S OF INT SECOND ST &amp; RIDGE","CLIFTON FORGE","VA","","51","005","328.110992","8","B","","","","CSX Transportation","","","","","","","","","","","","","","","","",""
"1236426","0","FCC: Land Mobile - Private (GIS)","","37.8145","-79.8278","","307 E RIDGEWAY ST","CLIFTON FORGE","VA","","51","005","325.208618","6","B","","","","CSX Transportation","","","","","","","","","","","","","","","","",""
"1236425","0","FCC: Land Mobile - Private (GIS)","","37.8086","-79.836099","","501 W RIDGEWAY ST RADIO SHOP","CLIFTON FORGE","VA","","51","005","323.295501","24","B","","","","CSX Transportation","","","","","","","","","","","","","","","","",""
"1236306","0","FCC: Land Mobile - Private (GIS)","","37.8014","-79.998","","INSIDE PLANT AREA 6/10 MI N OF P O","COVINGTON","VA","","51","005","436.129486","24","POLE","5","","","WESTVACO DEVELOPMENT CORPORATION","","","","","","","","","","","","","","","","",""
"1236295","0","FCC: Land Mobile - Private (GIS)","","37.8014","-79.998","","PLANT AREA 6/10 MI N PO","COVINGTON","VA","","51","005","436.129486","0","","5","","","MeadWestvaco Corporation","","","","","","","","","","","","","","","","",""
"1235702","0","FCC: Land Mobile - Private (GIS)","","37.8014","-79.998","","INSIDE PLANT AREA 6/10 MI N","COVINGTON","VA","","51","005","436.129486","0","","5","","","MeadWestvaco Corporation","","","","","","","","","","","","","","","","",""
"1235652","0","FCC: Land Mobile - Private (GIS)","","37.8236","-80.0444","","LICK MOUNTAIN ANTENNA SITE","COVINGTON","VA","","51","005","850.073059","0","","","","","DEW, WESLEY A:BOWEN, WANNIS R DBA MOUNTAIN ELECTRONICS","","","","","","","","","","","","","","","","",""
"1235634","0","FCC: Land Mobile - Private (GIS)","","37.8914","-79.8786","","SPRING CREST ANTENNA SITE","CARLOOVER","VA","","51","005","1087.537719","0","","6","","","FRANSON, EARNEST","","","","","","","","","","","","","","","","",""
"1235605","0","FCC: Land Mobile - Private (GIS)","","37.8236","-80.0444","","LICK MOUNTAIN ANTENNA SITE","COVINGTON","VA","","51","005","850.073059","0","TOWER","","","","MOUNTAIN ELECTRONICS","","","","","","","","","","","","","","","","",""
"1235604","0","FCC: Land Mobile - Private (GIS)","","37.8914","-79.8786","","SPRING CREST ANTENNA SITE","CARLOOVER","VA","","51","005","1087.537719","0","","6","","","BYER, CARL W","","","","","","","","","","","","","","","","",""
"1235603","0","FCC: Land Mobile - Private (GIS)","","37.8836","-79.9739","","ST RT 702 RT 687 7 MI N","COVINGTON","VA","","51","005","440.085327","0","","6","","","BYER, CARL W","","","","","","","","","","","","","","","","",""
"1235569","0","FCC: Land Mobile - Private (GIS)","","37.8014","-79.998","",".5 MI N OF POST OFC","COVINGTON","VA","","51","005","436.129486","0","","5","","","MeadWestvaco Corporation","","","","","","","","","","","","","","","","",""
"1235367","0","FCC: Land Mobile - Private (GIS)","","37.8072","-80.0253","","ON US RT 60 2 MI W","COVINGTON","VA","","51","005","422.161407","0","","5","","","BOYS HOME INC","","","","","","","","","","","","","","","","",""
"1235272","0","FCC: Land Mobile - Private (GIS)","","37.8914","-79.8786","","","","VA","","51","005","1087.537719","0","","5","","","MeadWestvaco Corporation","","","","","","","","","","","","","","","","",""
"1235065","0","FCC: Land Mobile - Private (GIS)","","37.8914","-79.8786","","","","VA","","51","005","1087.537719","0","","7","","","SHARON VOLUNTEER FIRE DEPARTMENT","","","","","","","","","","","","","","","","",""
"1235057","0","FCC: Land Mobile - Private (GIS)","","37.7608","-80.0992","","PETERS MOUNTAIN","COVINGTON","VA","","51","005","768.394165","30","TOWER","3","","","County of Alleghany","","","","","","","","","","","","","","","","",""
"1235055","0","FCC: Land Mobile - Private (GIS)","","37.8236","-80.0444","","LICK MOUNTAIN ANTENNA SITE","COVINGTON","VA","","51","005","850.073059","30","TOWER","3","","","County of Alleghany","","","","","","","","","","","","","","","","",""
"1234798","0","FCC: Land Mobile - Private (GIS)","","37.7608","-80.0992","","PETERS MOUNTAIN","COVINGTON","VA","","51","005","768.394165","24","TOWER","3","","","COVINGTON, CITY OF","","","","","","","","","","","","","","","","",""
"1234771","0","FCC: Land Mobile - Private (GIS)","","37.7744","-80.07","","COVINGTON LANDFILL PETER S MOUNTAINST RT 600 RAMSEY RD","COVINGTON","VA","","51","005","506.907928","6","B","3","","","COVINGTON, CITY OF","","","","","","","","","","","","","","","","",""
"1234694","0","FCC: Land Mobile - Private (GIS)","","37.7608","-80.0992","","PETERS MOUNTAIN","COVINGTON","VA","","51","005","768.394165","24","TOWER","3","","","ALLEGHANY, COUNTY OF","","","","","","","","","","","","","","","","",""
"1234242","0","FCC: Land Mobile - Private (GIS)","","37.8333","-79.7664","","SR 42 .5 KM N OF I64","TRIANGLE","VA","","51","005","381.466003","20","UPOLE","2","","","VIRGINIA, COMMONWEALTH OF","","","","","","","","","","","","","","","","",""
"1234199","0","FCC: Land Mobile - Private (GIS)","","37.775","-79.9664","","SR 784 NR I64","COVINGTON","VA","","51","005","365.490936","20","UPOLE","2","","","VIRGINIA, COMMONWEALTH OF","","","","","","","","","","","","","","","","",""
"1234152","0","FCC: Land Mobile - Private (GIS)","","37.8206","-79.6336","","NORTH MOUNTAIN","CLIFTON FORGE","VA","","51","005","915.837585","15","TOWER","6","","","Virginia, Commonwealth of       Department of State Police","","","","","","","","","","","","","","","","",""
"1234099","0","FCC: Land Mobile - Private (GIS)","","37.8206","-79.6336","","NORTH MOUNTAIN 16 KM W","LEXINGTON","VA","","51","005","915.837585","15","UPOLE","6","","","VIRGINIA, COMMONWEALTH OF, DEPT OF TRANSPORTATION","","","","","","","","","","","","","","","","",""
"1233883","0","FCC: Land Mobile - Private (GIS)","","37.7961","-79.994399","","W DEAD END OF SHORT ST","COVINGTON","VA","","51","005","377.329833","0","","","","","WESTVACO RESCUE SQUAD","","","","","","","","","","","","","","","","",""
"1233439","0","FCC: Land Mobile - Private (GIS)","","37.7633","-79.9336","","HORSE MOUNTAIN ANTENNA SITE","COVINGTON","VA","","51","005","868.232421","30","TOWER","3","","","ALLEGHANY, COUNTY OF","","","","","","","","","","","","","","","","",""
"1233285","0","FCC: Land Mobile - Private (GIS)","","37.8206","-79.6336","","NORTH MOUNTAIN STATE POLICE SITE","COLLIERSTOWN","VA","","51","005","915.837585","12","POLE","2","","","Virginia Department of Forestry","","","","","","","","","","","","","","","","",""
"1233169","0","FCC: Land Mobile - Private (GIS)","","37.7633","-79.9336","","HORSE MOUNTAIN","COVINGTON","VA","","51","005","868.232421","45","TOWER","5","","","WESTERN VIRGINIA EMS COUNCIL INC","","","","","","","","","","","","","","","","",""
"1233149","0","FCC: Land Mobile - Private (GIS)","","37.8056","-79.8489","","RICHMOND ST","SELMA","VA","","51","005","356.246643","0","","3","","","SELMA, TOWN OF","","","","","","","","","","","","","","","","",""
"1233148","0","FCC: Land Mobile - Private (GIS)","","37.7744","-80.0108","","N OF S R 18 1.5 MILES SW OF","COVINGTON","VA","","51","005","398.038604","0","","3","","","County of Alleghany","","","","","","","","","","","","","","","","",""
"1233074","0","FCC: Land Mobile - Private (GIS)","","37.8111","-80.188899","","VALLEY RIDGE RD 1/2 MI E OF MALLOW INT","COVINGTON","VA","","51","005","685.152099","15","POLE","3","","","County of Alleghany","","","","","","","","","","","","","","","","",""
"1232683","0","FCC: Land Mobile - Private (GIS)","","37.8014","-79.7906","","IRON GATE FIREHOUSE","IRON GATE","VA","","51","005","312.269653","0","","5","","","IRON GATE VOLUNTEER FIRE DEPARTMENT, INC.","","","","","","","","","","","","","","","","",""
"1232237","0","FCC: Land Mobile - Private (GIS)","","37.8178","-79.7436","","SHARON COMMUNITY US RT 60 &amp; RT 635","CLIFTON FORGE","VA","","51","005","340.736053","0","","7","","","SHARON VOLUNTEER FIRE DEPT","","","","","","","","","","","","","","","","",""
"1231991","0","FCC: Land Mobile - Private (GIS)","","37.775","-79.9664","","RT 786","COVINGTON","VA","","51","005","365.490936","0","","2","","","VIRGINIA, COMMONWEALTH OF","","","","","","","","","","","","","","","","",""
"1231982","0","FCC: Land Mobile - Private (GIS)","","37.8206","-79.6336","","NORTH MOUNTAIN APPROXIMATELY 10 MI W","LEXINGTON","VA","","51","005","915.837585","0","","2","","","VIRGINIA, COMMONWEALTH OF","","","","","","","","","","","","","","","","",""
"1231708","0","FCC: Land Mobile - Private (GIS)","","37.872799","-79.9811","","SR 721 3 OF SR 687 2/1 MI","COVINGTON","VA","","51","005","426.265808","0","","5","","","FALLING SPRING FIRE DEPT INC","","","","","","","","","","","","","","","","",""
"1231694","0","FCC: Land Mobile - Private (GIS)","","37.794499","-80.006899","","RESERVOIR LUKES MOUNTAIN 1 MI SW RT 60","COVINGTON","VA","","51","005","490.531036","20","","3","","","COVINGTON, CITY OF","","","","","","","","","","","","","","","","",""
"1230839","0","FCC: Land Mobile - Commercial (GIS)","","37.7608","-80.0992","","","COVINGTON","VA","","51","005","768.394165","0","","5","","","MOUNTAIN ELECTRONICS INC","","","","","","","","","","","","","","","","",""
"1230838","0","FCC: Land Mobile - Commercial (GIS)","","37.7608","-80.0992","","PETERS MTN ANTENNA SITE","COVINGTON","VA","","51","005","768.394165","47.2","TOWER","5","","","MOUNTAIN ELECTRONICS INC","","","","","","","","","","","","","","","","",""
"1230801","0","FCC: Land Mobile - Commercial (GIS)","","37.8456","-79.7492","","JCT OF WOOD HOLLOW RD &amp; SR 42","CLIFTON FORGE","VA","","51","005","353.58609","2","POLE","","","","CSX Transportation","","","","","","","","","","","","","","","","",""
"1230671","0","FCC: Land Mobile - Commercial (GIS)","","37.7731","-80.0853","","PETERS MOUNTAIN ANTENNA SITE","MOSS RUN","VA","","51","005","676.654235","0","","","","","BOWEN II, WANNIS R:DEW, WESLEY A DBA MOUNTAIN ELECTRONICS","","","","","","","","","","","","","","","","",""
"1230670","0","FCC: Land Mobile - Commercial (GIS)","","37.8914","-79.8786","","SPRING CREST ANTENNA SITE","CARLOOVER","VA","","51","005","1087.537719","0","","","","","BOWEN II, WANNIS R:DEW, WESLEY A DBA MOUNTAIN ELECTRONICS","","","","","","","","","","","","","","","","",""
"1229606","0","FCC: Cellular (GIS)","","37.8072","-79.8011","","Eastern Peak of Rich Patch Mountain","Clifton Forge","VA","","51","005","556.117248","0","","5","","","Cellco Partnership","","","","","","","","","","","","","","","","",""
"1229509","0","FCC: Cellular (GIS)","","37.8642","-79.9561","","4355 Hot Springs Road","Hot Springs","VA","","51","005","747.881347","45.7","POLE","5","","","Virginia RSA 5 Limited Partnership","","","","","","","","","","","","","","","","",""
"1229508","1259970","FCC: Cellular (GIS)","","37.81","-80.1878","","Mile Market #1 East Bound Side of I-64 Rest Area and Welcome Center","Covington","VA","","51","005","693.510253","92.6","TOWER","5","","","Virginia RSA 5 Limited Partnership","","","","","","","","","","","","","","","","",""
"1229498","1008500","FCC: Cellular (GIS)","","37.7831","-79.9997","","WEST RIVER RD., 0.5 MI SOUTH OF SH 60","COVINGTON","VA","","51","005","448.157196","35","POLE","5","","","Virginia RSA 5 Limited Partnership","","","","","","","","","","","","","","","","",""
"1229496","0","FCC: Cellular (GIS)","","37.7831","-79.9997","","0.5 miles South of State Highway 60 WEST RIVER ROAD","Covington","VA","","51","005","448.157196","0","","5","","","Virginia RSA 5 Limited Partnership","","","","","","","","","","","","","","","","",""
"1229493","1016611","FCC: Cellular (GIS)","","37.8072","-79.8011","","Eastern Peak of Rich Patch Mountain","Clifton Forge","VA","","51","005","556.117248","60.3","MAST","5","","","Virginia RSA 5 Limited Partnership","","","","","","","","","","","","","","","","",""
"1229297","0","FCC: Cellular (GIS)","","37.8217","-80.1094","","CALLAGHAN CELL SITE BRADLEY SAWMILL ROUTE 661","COVINGTON","VA","","51","005","524.093627","0","","5","","","USCOC OF VIRGINIA RSA #3, INC.","","","","","","","","","","","","","","","","",""
"1229294","0","FCC: Cellular (GIS)","","37.8306","-79.833","","Rt. 606 N to Rt. 207, left on Gravel Road, Top of Hill","Clifton Forge","VA","","51","005","417.055389","0","","5","","","USCOC OF VIRGINIA RSA #3, INC.","","","","","","","","","","","","","","","","",""
"1228456","1268842","FCC: Microwave (GIS)","","37.7597","-80.1006","","7216 Jingle Rocks Rd., Alleghany County","Covington","VA","","51","005","783.866638","60.6","TOWER","2","","","Commonwealth of Virginia, Department of State Police","","","","","","","","","","","","","","","","",""
"1228268","0","FCC: Microwave (GIS)","","37.7868","-79.7076","","","IRON GATE","VA","","51","005","412.565307","0","","5","","","COLUMBIA GAS OF VIRGINIA INC.","","","","","","","","","","","","","","","","",""
"1228112","0","FCC: Microwave (GIS)","","37.7935","-79.9323","","VALLEY RIDGE ROAD, EAST OF COVINGTON","COVINGTON","VA","","51","005","822.090087","60.7","TOWER","5","","","WVJT, LLC","","","","","","","","","","","","","","","","",""
"1226994","0","FCC: Microwave (GIS)","","37.8015","-80.1025","","","COVINGTON","VA","","51","005","620.704162","0","","5","","","VIRGINIA ELECTRIC AND POWER COMPANY","","","","","","","","","","","","","","","","",""
"1243371","0","FCC: Land Mobile - Private (GIS)","","37.7781","-79.9764","","BUILDING","COVINGTON","VA","","51","005","422.236145","7","B","5","","","S.J. NEATHAWK LUMBER COMPANY","","","","","","","","","","","","","","","","",""
"1243379","0","FCC: Land Mobile - Private (GIS)","","37.8717","-79.8883","","Warm Springs Mtn  8.15  NE","Covington","VA","","51","005","932.115417","5.2","PIPE","2","","","Virginia Department of Emergency Management","","","","","","","","","","","","","","","","",""
"1243380","0","FCC: Land Mobile - Private (GIS)","","37.7814","-79.8878","","Low Moor  4.19 mi  SW","Clifton Forge","VA","","51","005","362.831604","5.2","PIPE","2","","","Virginia Department of Emergency Management","","","","","","","","","","","","","","","","",""
"1243381","0","FCC: Land Mobile - Private (GIS)","","37.724199","-79.9158","","Rich Patch  8.15 mi  SW","Clifton Forge","VA","","51","005","633.059692","5.2","PIPE","2","","","Virginia Department of Emergency Management","","","","","","","","","","","","","","","","",""
"1243382","0","FCC: Land Mobile - Private (GIS)","","37.8192","-79.9","","Fore Mtn  4.10 mi  W","Clifton Forge","VA","","51","005","813.037292","5.2","PIPE","2","","","Virginia Department of Emergency Management","","","","","","","","","","","","","","","","",""
"1243386","0","FCC: Land Mobile - Private (GIS)","","37.7769","-80.083","","Peters Mtn  4.96  WSW","Covington","VA","","51","005","722.244018","5.2","PIPE","2","","","Virginia Department of Emergency Management","","","","","","","","","","","","","","","","",""
"1243390","0","FCC: Land Mobile - Private (GIS)","","37.8547","-80.1211","","Ogle Creek  8.14 mi  WNW","Covington","VA","","51","005","506.206024","5.2","PIPE","2","","","Virginia Department of Emergency Management","","","","","","","","","","","","","","","","",""
"1243391","0","FCC: Land Mobile - Private (GIS)","","37.6703","-80.0028","","Nichols Knob  8.58  S","Covington","VA","","51","005","673.358154","5.2","PIPE","2","","","Virginia Department of Emergency Management","","","","","","","","","","","","","","","","",""
"1244083","0","FCC: Land Mobile - Private (GIS)","","37.8156","-79.823899","","Alleghany County 911, 547 Main St, Clifton Forge City","Clifton Forge","VA","","51","005","330.167388","9.1","BANT","2","","","Virginia Department of Emergency Management","","","","","","","","","","","","","","","","",""
"1244328","0","FCC: Land Mobile - Private (GIS)","","37.7595","-80.1006","","Peters Mountain","Covington","VA","","51","005","787.211364","60.6","TOWER","7","","","BARC ELECTRIC COOPERATIVE","","","","","","","","","","","","","","","","",""
"1244749","1268842","FCC: Land Mobile - Private (GIS)","","37.7595","-80.1006","","7216 JINGLE ROCKS RD., ALLEGHANY COUNTY","COVINGTON","VA","","51","005","787.211364","60.6","TOWER","2","","","VIRGINIA DEPARTMENT OF STATE POLICE","","","","","","","","","","","","","","","","",""
"1245639","0","FCC: Land Mobile - Private (GIS)","","37.8014","-79.998","","PLANT AREA .6 MI N PO","COVINGTON","VA","","51","005","436.129486","24","TOWER","5","","","MeadWestvaco Corporation","","","","","","","","","","","","","","","","",""
"1245640","0","FCC: Land Mobile - Private (GIS)","","37.7978","-79.9967","","1 PAPER MACHINE WAREHOUSE","COVINGTON","VA","","51","005","381.49414","18","B","5","","","MeadWestvaco Corporation","","","","","","","","","","","","","","","","",""
"1245690","1268842","FCC: Land Mobile - Private (GIS)","","37.7595","-80.1006","","7216 JUNGLE ROCKS RD","COVINGTON","VA","","51","005","787.211364","60.6","TOWER","6","","","VIRGINIA, COMMONWEALTH OF, DEPT OF TRANSPORTATION","","","","","","","","","","","","","","","","",""
"1246115","0","FCC: Paging (GIS)","","37.8314","-79.819399","","1.0 MILES N 358.3 E FROM CLIFTON FORGE","CLIFTON FORGE","VA","","51","005","450.313018","0","","5","","","NTELOS Telephone, Inc.","","","","","","","","","","","","","","","","",""
"1246117","0","FCC: Paging (GIS)","","37.7878","-79.8903","","0.2 MI S OF I-64, IMMEDIATELY WEST OF","LOWMOOR","VA","","51","005","373.534423","0","","5","","","NTELOS Telephone, Inc.","","","","","","","","","","","","","","","","",""
"1246287","0","FCC: Paging (GIS)","","37.8369","-79.8203","","NORTH END OF JEFFERSON STREET","CLIFTON","VA","","51","005","466.130981","44.2","","5","","","USA Mobility Wireless, Inc.","","","","","","","","","","","","","","","","",""
